configuration_id,accuracy,macro_f1,balanced_accuracy,corruption,severity,corruption_seed
widar__time_stats__logistic_regression,0.0954766676209562,0.011109324946858188,0.04640261132647206,gaussian_snr,1,42
widar__time_stats__logistic_regression,0.09375894646435728,0.010346696107074572,0.04560147912301777,gaussian_snr,2,42
widar__time_stats__logistic_regression,0.09390208989407386,0.01029685383199516,0.04567170695836014,gaussian_snr,3,42
widar__time_stats__logistic_regression,0.09318637274549098,0.010208712773085925,0.045330968236811826,gaussian_snr,4,42
widar__time_stats__logistic_regression,0.09232751216719152,0.010652303084632476,0.044909601224757595,gaussian_snr,5,42
widar__time_stats__logistic_regression,0.19052390495276267,0.07572562120568951,0.09429750812656984,subcarrier_mask,1,42
widar__time_stats__logistic_regression,0.15903235041511596,0.06666627132361382,0.07991687136829434,subcarrier_mask,2,42
widar__time_stats__logistic_regression,0.03993701689092471,0.010486379760615448,0.0540862495605888,subcarrier_mask,3,42
widar__time_stats__logistic_regression,0.05582593758946464,0.019540576449631416,0.05444740776608137,subcarrier_mask,4,42
widar__time_stats__logistic_regression,0.08946464357286,0.03381098878397619,0.05625576581282085,subcarrier_mask,5,42
widar__time_stats__logistic_regression,0.11107930146006298,0.05086971864262308,0.06441657240824573,time_dropout,1,42
widar__time_stats__logistic_regression,0.08187804179788148,0.03496054655523272,0.05469498293417547,time_dropout,2,42
widar__time_stats__logistic_regression,0.0602633839106785,0.028684842959112677,0.044137246001244225,time_dropout,3,42
widar__time_stats__logistic_regression,0.05425135986258231,0.0286175365256093,0.049765350132372516,time_dropout,4,42
widar__time_stats__logistic_regression,0.0525336387059834,0.018530510664437973,0.05018808914512358,time_dropout,5,42
widar__time_stats__logistic_regression,0.08044660750071572,0.013653184209839398,0.04469995197351722,amplitude_scaling,1,42
widar__time_stats__logistic_regression,0.08030346407099914,0.013273327876305712,0.044664593727692985,amplitude_scaling,2,42
widar__time_stats__logistic_regression,0.08016032064128256,0.013101199218723564,0.04458883615193542,amplitude_scaling,3,42
widar__time_stats__logistic_regression,0.07987403378184942,0.012816783010882026,0.044454803517902784,amplitude_scaling,4,42
widar__time_stats__logistic_regression,0.07973089035213284,0.012649741784504419,0.04437904594214521,amplitude_scaling,5,42
widar__time_stats__logistic_regression,0.1898081878041798,0.07654610526350183,0.09410481853584196,contiguous_subcarrier_block,1,42
widar__time_stats__logistic_regression,0.15731462925851702,0.0658548528636936,0.07837000716405224,contiguous_subcarrier_block,2,42
widar__time_stats__logistic_regression,0.03850558259375895,0.013006150681568173,0.0476134477250024,contiguous_subcarrier_block,3,42
widar__time_stats__logistic_regression,0.05239049527626682,0.020494800113772433,0.05288980652103317,contiguous_subcarrier_block,4,42
widar__time_stats__logistic_regression,0.07658173489836817,0.02917933585832604,0.04852420725432626,contiguous_subcarrier_block,5,42
widar__time_stats__logistic_regression,0.11107930146006298,0.05086971864262308,0.06441657240824573,burst_time_dropout,1,42
widar__time_stats__logistic_regression,0.09447466361294017,0.04351560656760268,0.05671319539246205,burst_time_dropout,2,42
widar__time_stats__logistic_regression,0.048668766103635845,0.020061565011997344,0.04784580736967179,burst_time_dropout,3,42
widar__time_stats__logistic_regression,0.04308617234468938,0.017368480328651636,0.04839432041893443,burst_time_dropout,4,42
widar__time_stats__logistic_regression,0.04208416833667335,0.01219371695828026,0.04428677574531973,burst_time_dropout,5,42
widar__time_stats__logistic_regression,0.07014028056112225,0.02520043553098986,0.05129367566841219,smooth_gain_drift,1,42
widar__time_stats__logistic_regression,0.06971085027197252,0.025542995866955475,0.0510857827861007,smooth_gain_drift,2,42
widar__time_stats__logistic_regression,0.06971085027197252,0.025533809601199144,0.05100427074634342,smooth_gain_drift,3,42
widar__time_stats__logistic_regression,0.06971085027197252,0.025475196413803258,0.05111003619301797,smooth_gain_drift,4,42
widar__time_stats__logistic_regression,0.0698539937016891,0.025490558845987964,0.05137328698264471,smooth_gain_drift,5,42
widar__time_stats__logistic_regression,0.09619238476953908,0.01163656913312647,0.04724130403085984,gaussian_snr,1,123
widar__time_stats__logistic_regression,0.09504723733180646,0.010987681180266799,0.04721695706058176,gaussian_snr,2,123
widar__time_stats__logistic_regression,0.09347265960492414,0.010526791208827472,0.04697776640221116,gaussian_snr,3,123
widar__time_stats__logistic_regression,0.09332951617520756,0.01037795035382006,0.04690961865790149,gaussian_snr,4,123
widar__time_stats__logistic_regression,0.09318637274549098,0.01079652427210955,0.047837378879270726,gaussian_snr,5,123
widar__time_stats__logistic_regression,0.19395934726596048,0.07928678120878242,0.09648704560114231,subcarrier_mask,1,123
widar__time_stats__logistic_regression,0.15373604351560263,0.06410189255490091,0.07729025981942085,subcarrier_mask,2,123
widar__time_stats__logistic_regression,0.03778986544517607,0.008504483453113849,0.05109968922754801,subcarrier_mask,3,123
widar__time_stats__logistic_regression,0.05439450329229888,0.019716904739764576,0.05357700570964213,subcarrier_mask,4,123
widar__time_stats__logistic_regression,0.08932150014314343,0.033557025826259156,0.05450550056885862,subcarrier_mask,5,123
widar__time_stats__logistic_regression,0.11236759232751217,0.052171790512089776,0.06737308204462192,time_dropout,1,123
widar__time_stats__logistic_regression,0.07930146006298311,0.03483225413199775,0.05362727631774085,time_dropout,2,123
widar__time_stats__logistic_regression,0.06613226452905811,0.03283521404714491,0.04836953247985685,time_dropout,3,123
widar__time_stats__logistic_regression,0.051388491268250784,0.02681021573807152,0.04757459143316454,time_dropout,4,123
widar__time_stats__logistic_regression,0.04823933581448611,0.016952028862531967,0.04463669648338545,time_dropout,5,123
widar__time_stats__logistic_regression,0.08517034068136273,0.015302670788267818,0.04686991963121376,amplitude_scaling,1,123
widar__time_stats__logistic_regression,0.08402519324363011,0.013940282638501727,0.0463359506821642,amplitude_scaling,2,123
widar__time_stats__logistic_regression,0.08402519324363011,0.013817243116706918,0.04633803077319691,amplitude_scaling,3,123
widar__time_stats__logistic_regression,0.08402519324363011,0.013809021628736727,0.04633803077319691,amplitude_scaling,4,123
widar__time_stats__logistic_regression,0.08388204981391355,0.013535226376817762,0.046264353288472046,amplitude_scaling,5,123
widar__time_stats__logistic_regression,0.18837675350701402,0.07568269695205075,0.09332686649501962,contiguous_subcarrier_block,1,123
widar__time_stats__logistic_regression,0.1551674778127684,0.06439697812775286,0.07689472951909988,contiguous_subcarrier_block,2,123
widar__time_stats__logistic_regression,0.039650730031491555,0.01322579564440139,0.05150533619330615,contiguous_subcarrier_block,3,123
widar__time_stats__logistic_regression,0.047809905525336385,0.018235387640521416,0.04940730912179747,contiguous_subcarrier_block,4,123
widar__time_stats__logistic_regression,0.08302318923561408,0.03229604454380836,0.04951851864556267,contiguous_subcarrier_block,5,123
widar__time_stats__logistic_regression,0.11236759232751217,0.052171790512089776,0.06737308204462192,burst_time_dropout,1,123
widar__time_stats__logistic_regression,0.09375894646435728,0.04131836836590741,0.056399597563340786,burst_time_dropout,2,123
widar__time_stats__logistic_regression,0.041941024906956774,0.0178945073131774,0.042739874763842126,burst_time_dropout,3,123
widar__time_stats__logistic_regression,0.037503578585742915,0.014819791762999907,0.044139464667463095,burst_time_dropout,4,123
widar__time_stats__logistic_regression,0.03907815631262525,0.011493694146480833,0.04325862520032877,burst_time_dropout,5,123
widar__time_stats__logistic_regression,0.0698539937016891,0.023458788339745528,0.04615926704662001,smooth_gain_drift,1,123
widar__time_stats__logistic_regression,0.06885198969367307,0.022815582671343985,0.04632361247920013,smooth_gain_drift,2,123
widar__time_stats__logistic_regression,0.06827941597480676,0.022485282184910117,0.0460383223811202,smooth_gain_drift,3,123
widar__time_stats__logistic_regression,0.06827941597480676,0.022532107875689582,0.04611775432984477,smooth_gain_drift,4,123
widar__time_stats__logistic_regression,0.06870884626395649,0.02272078034942913,0.04653394418356018,smooth_gain_drift,5,123
widar__time_stats__logistic_regression,0.09476095047237332,0.01071157101316975,0.046070192969054576,gaussian_snr,1,2026
widar__time_stats__logistic_regression,0.09404523332379044,0.010272791252883712,0.04573985470266981,gaussian_snr,2,2026
widar__time_stats__logistic_regression,0.09132550815917549,0.009429867309750754,0.04395333385104488,gaussian_snr,3,2026
widar__time_stats__logistic_regression,0.09060979101059262,0.009688573008112973,0.044110549112336014,gaussian_snr,4,2026
widar__time_stats__logistic_regression,0.09089607787002577,0.010589163391530893,0.0452344322025034,gaussian_snr,5,2026
widar__time_stats__logistic_regression,0.1890924706555969,0.07627699054519138,0.09393731060744069,subcarrier_mask,1,2026
widar__time_stats__logistic_regression,0.1568851989693673,0.06530232754917563,0.07854263753301328,subcarrier_mask,2,2026
widar__time_stats__logistic_regression,0.041082164328657314,0.010317869749007945,0.053586534800080014,subcarrier_mask,3,2026
widar__time_stats__logistic_regression,0.05468079015173204,0.01952310982701778,0.05433345996957575,subcarrier_mask,4,2026
widar__time_stats__logistic_regression,0.09232751216719152,0.0353999520291864,0.056872834812308336,subcarrier_mask,5,2026
widar__time_stats__logistic_regression,0.11022044088176353,0.050906083949585755,0.0650703669478841,time_dropout,1,2026
widar__time_stats__logistic_regression,0.07787002576581735,0.03269691097024437,0.05280865041337463,time_dropout,2,2026
widar__time_stats__logistic_regression,0.06212424849699399,0.030229468164341744,0.04627812222757772,time_dropout,3,2026
widar__time_stats__logistic_regression,0.05353564271399943,0.027449094136847527,0.04673060822927347,time_dropout,4,2026
widar__time_stats__logistic_regression,0.04666475808760378,0.01575832326410143,0.04832857159090713,time_dropout,5,2026
widar__time_stats__logistic_regression,0.08316633266533066,0.014257798242070895,0.04603408820760209,amplitude_scaling,1,2026
widar__time_stats__logistic_regression,0.08230747208703121,0.013361164385144191,0.045656621681879755,amplitude_scaling,2,2026
widar__time_stats__logistic_regression,0.08230747208703121,0.013255903253190156,0.045666413621941675,amplitude_scaling,3,2026
widar__time_stats__logistic_regression,0.08230747208703121,0.013235559010897135,0.045666413621941675,amplitude_scaling,4,2026
widar__time_stats__logistic_regression,0.08259375894646435,0.013257257344765988,0.045802709110560995,amplitude_scaling,5,2026
widar__time_stats__logistic_regression,0.1915259089607787,0.07645967095896733,0.09452242030079884,contiguous_subcarrier_block,1,2026
widar__time_stats__logistic_regression,0.15430861723446893,0.06498349893823173,0.07712588536940436,contiguous_subcarrier_block,2,2026
widar__time_stats__logistic_regression,0.03922129974234183,0.01258119090880493,0.04777720142823902,contiguous_subcarrier_block,3,2026
widar__time_stats__logistic_regression,0.05353564271399943,0.021048714033275986,0.052483718303627504,contiguous_subcarrier_block,4,2026
widar__time_stats__logistic_regression,0.08388204981391355,0.03174342767044657,0.05091577642964784,contiguous_subcarrier_block,5,2026
widar__time_stats__logistic_regression,0.11022044088176353,0.050906083949585755,0.0650703669478841,burst_time_dropout,1,2026
widar__time_stats__logistic_regression,0.08688806183796163,0.041427718236378204,0.05501066922095423,burst_time_dropout,2,2026
widar__time_stats__logistic_regression,0.04365874606355568,0.018393149935453476,0.05226514494509677,burst_time_dropout,3,2026
widar__time_stats__logistic_regression,0.03993701689092471,0.015649973943170355,0.04935288729018978,burst_time_dropout,4,2026
widar__time_stats__logistic_regression,0.03993701689092471,0.011184379344657895,0.05068065201014715,burst_time_dropout,5,2026
widar__time_stats__logistic_regression,0.06913827655310621,0.02338803406730885,0.046013810735896714,smooth_gain_drift,1,2026
widar__time_stats__logistic_regression,0.06842255940452334,0.022596509437519778,0.045224551105463716,smooth_gain_drift,2,2026
widar__time_stats__logistic_regression,0.06784998568565703,0.02227619565680907,0.04492196125345526,smooth_gain_drift,3,2026
widar__time_stats__logistic_regression,0.0679931291153736,0.02224884965452442,0.04501873831418493,smooth_gain_drift,4,2026
widar__time_stats__logistic_regression,0.0674205553965073,0.02201346314086716,0.04472146247515434,smooth_gain_drift,5,2026
widar__time_stats__random_forest,0.12997423418265103,0.0326316526347519,0.06187752544644179,gaussian_snr,1,42
widar__time_stats__random_forest,0.128972230174635,0.025812123892361604,0.06141161466576384,gaussian_snr,2,42
widar__time_stats__random_forest,0.12868594331520183,0.027504332740036566,0.06125518088287052,gaussian_snr,3,42
widar__time_stats__random_forest,0.12839965645576867,0.02777453348162757,0.06115735828580344,gaussian_snr,4,42
widar__time_stats__random_forest,0.12968794732321787,0.028810656167270066,0.06178417847564153,gaussian_snr,5,42
widar__time_stats__random_forest,0.18966504437446322,0.07963954293660566,0.09529383200234806,subcarrier_mask,1,42
widar__time_stats__random_forest,0.16719152590896078,0.06499991809707541,0.08341180773910183,subcarrier_mask,2,42
widar__time_stats__random_forest,0.12253077583738907,0.03502873294303178,0.05873865146759174,subcarrier_mask,3,42
widar__time_stats__random_forest,0.10964786716289722,0.028606184717895757,0.052170549056926536,subcarrier_mask,4,42
widar__time_stats__random_forest,0.09461780704265674,0.021989514029110955,0.04488376191915689,subcarrier_mask,5,42
widar__time_stats__random_forest,0.1790724305754366,0.07124199050760187,0.08885035851357381,time_dropout,1,42
widar__time_stats__random_forest,0.16561694818207845,0.0616170478152249,0.08119430382668137,time_dropout,2,42
widar__time_stats__random_forest,0.13555682794159749,0.04225515649006552,0.06564796417768691,time_dropout,3,42
widar__time_stats__random_forest,0.10893215001431435,0.02712459558860998,0.05205312209768345,time_dropout,4,42
widar__time_stats__random_forest,0.09533352419123962,0.022059634522537216,0.04534464898335206,time_dropout,5,42
widar__time_stats__random_forest,0.17234468937875752,0.07183228674766885,0.08819251029907405,amplitude_scaling,1,42
widar__time_stats__random_forest,0.15173203549957057,0.06236863517144,0.07793904387334277,amplitude_scaling,2,42
widar__time_stats__random_forest,0.13641568851989694,0.05420017109573661,0.07035605928866949,amplitude_scaling,3,42
widar__time_stats__random_forest,0.12911537360435155,0.05117026034487549,0.06742699037784396,amplitude_scaling,4,42
widar__time_stats__random_forest,0.11007729745204695,0.040509820826957366,0.057390929189798316,amplitude_scaling,5,42
widar__time_stats__random_forest,0.18608645863154882,0.07717631181287249,0.09356781302022409,contiguous_subcarrier_block,1,42
widar__time_stats__random_forest,0.15760091611795018,0.06115949113807837,0.07874076788451126,contiguous_subcarrier_block,2,42
widar__time_stats__random_forest,0.12510735757228744,0.03467693268503116,0.05997218523410664,contiguous_subcarrier_block,3,42
widar__time_stats__random_forest,0.11651875178929287,0.031009202215766387,0.05559696716662951,contiguous_subcarrier_block,4,42
widar__time_stats__random_forest,0.09318637274549098,0.020986406465189476,0.04420096203438135,contiguous_subcarrier_block,5,42
widar__time_stats__random_forest,0.1790724305754366,0.07124199050760187,0.08885035851357381,burst_time_dropout,1,42
widar__time_stats__random_forest,0.1544517606641855,0.05423954396737937,0.0751131176189192,burst_time_dropout,2,42
widar__time_stats__random_forest,0.14271399942742627,0.045846186585920094,0.06817816682153409,burst_time_dropout,3,42
widar__time_stats__random_forest,0.12439164042370456,0.03330019543859371,0.06002679262948129,burst_time_dropout,4,42
widar__time_stats__random_forest,0.11179501860864587,0.024982428445400093,0.05362856595538685,burst_time_dropout,5,42
widar__time_stats__random_forest,0.16032064128256512,0.05724688121773298,0.07866939609540685,smooth_gain_drift,1,42
widar__time_stats__random_forest,0.14156885198969368,0.05023137135243402,0.06901496565432673,smooth_gain_drift,2,42
widar__time_stats__random_forest,0.1265387918694532,0.04268346328358468,0.06105598412500682,smooth_gain_drift,3,42
widar__time_stats__random_forest,0.120526767821357,0.03953308633842655,0.05786520330942136,smooth_gain_drift,4,42
widar__time_stats__random_forest,0.11165187517892929,0.034524767252389094,0.05310406737731046,smooth_gain_drift,5,42
widar__time_stats__random_forest,0.13154881190953335,0.03365230944631368,0.0626235158292472,gaussian_snr,1,123
widar__time_stats__random_forest,0.12968794732321787,0.026752945954238307,0.06174024270868568,gaussian_snr,2,123
widar__time_stats__random_forest,0.13326653306613226,0.03008749653611663,0.06341768695185811,gaussian_snr,3,123
widar__time_stats__random_forest,0.12997423418265103,0.028633804395584318,0.06182488250021352,gaussian_snr,4,123
widar__time_stats__random_forest,0.1246779272831377,0.02774329347348895,0.059370610504372666,gaussian_snr,5,123
widar__time_stats__random_forest,0.1915259089607787,0.07739567099484791,0.09532187103152893,subcarrier_mask,1,123
widar__time_stats__random_forest,0.16504437446321213,0.06359005756374711,0.08191654178014461,subcarrier_mask,2,123
widar__time_stats__random_forest,0.12138562839965646,0.03482752646503132,0.05819218733546928,subcarrier_mask,3,123
widar__time_stats__random_forest,0.10592613799026625,0.02740530754404162,0.05039086895832411,subcarrier_mask,4,123
widar__time_stats__random_forest,0.08660177497852849,0.019903140584458915,0.041095820287353015,subcarrier_mask,5,123
widar__time_stats__random_forest,0.17706842255940453,0.0704227375636963,0.08797555545871164,time_dropout,1,123
widar__time_stats__random_forest,0.16762095619811052,0.061322280525426404,0.08172605506965691,time_dropout,2,123
widar__time_stats__random_forest,0.13441168050386487,0.04203602795351499,0.06472084746049175,time_dropout,3,123
widar__time_stats__random_forest,0.10649871170913255,0.026898981629664212,0.050916295679641004,time_dropout,4,123
widar__time_stats__random_forest,0.09647867162897222,0.021999839548780847,0.04578248228394561,time_dropout,5,123
widar__time_stats__random_forest,0.17849985685657027,0.07247745128433734,0.09057203764387378,amplitude_scaling,1,123
widar__time_stats__random_forest,0.15488119095333525,0.06219659912993222,0.07968355197020316,amplitude_scaling,2,123
widar__time_stats__random_forest,0.13813340967649584,0.053887380197906815,0.07113037044575737,amplitude_scaling,3,123
widar__time_stats__random_forest,0.1276839393071858,0.04905494358524778,0.06613303620887308,amplitude_scaling,4,123
widar__time_stats__random_forest,0.11795018608645863,0.04366749218142771,0.06123072535318755,amplitude_scaling,5,123
widar__time_stats__random_forest,0.19052390495276267,0.07903647375281012,0.09550999689653977,contiguous_subcarrier_block,1,123
widar__time_stats__random_forest,0.1598912109934154,0.06111606737450956,0.0794380810772243,contiguous_subcarrier_block,2,123
widar__time_stats__random_forest,0.12424849699398798,0.034857466799412956,0.05955831811261437,contiguous_subcarrier_block,3,123
widar__time_stats__random_forest,0.10821643286573146,0.02697368351686852,0.051510424478813516,contiguous_subcarrier_block,4,123
widar__time_stats__random_forest,0.09476095047237332,0.020941775226610955,0.04491735711228857,contiguous_subcarrier_block,5,123
widar__time_stats__random_forest,0.17706842255940453,0.0704227375636963,0.08797555545871164,burst_time_dropout,1,123
widar__time_stats__random_forest,0.16017749785284854,0.05833744899865419,0.07851071456586717,burst_time_dropout,2,123
widar__time_stats__random_forest,0.1401374176925279,0.04685515510931318,0.06807740967230086,burst_time_dropout,3,123
widar__time_stats__random_forest,0.12124248496993988,0.0325809002994465,0.05865035822682232,burst_time_dropout,4,123
widar__time_stats__random_forest,0.11422845691382766,0.026828551219740406,0.054951501633291384,burst_time_dropout,5,123
widar__time_stats__random_forest,0.15416547380475237,0.054104172579838954,0.0756063014729159,smooth_gain_drift,1,123
widar__time_stats__random_forest,0.14385914686515888,0.050161387540059325,0.06985885104064525,smooth_gain_drift,2,123
widar__time_stats__random_forest,0.13140566847981677,0.044031914138460436,0.06342668260268501,smooth_gain_drift,3,123
widar__time_stats__random_forest,0.11981105067277412,0.03783555643468762,0.05759908200854909,smooth_gain_drift,4,123
widar__time_stats__random_forest,0.11322645290581163,0.03436754469532911,0.05386739833105359,smooth_gain_drift,5,123
widar__time_stats__random_forest,0.128972230174635,0.03235092005737933,0.061364068378284814,gaussian_snr,1,2026
widar__time_stats__random_forest,0.12797022616661896,0.025672559643152,0.06089296629063223,gaussian_snr,2,2026
widar__time_stats__random_forest,0.12682507872888635,0.02732751601598489,0.060385376756363816,gaussian_snr,3,2026
widar__time_stats__random_forest,0.12754079587746922,0.026897800515015783,0.060657669057514456,gaussian_snr,4,2026
widar__time_stats__random_forest,0.12582307472087031,0.02757379708475582,0.05993078401116401,gaussian_snr,5,2026
widar__time_stats__random_forest,0.18866304036644718,0.0784781805584187,0.09481269154041301,subcarrier_mask,1,2026
widar__time_stats__random_forest,0.17105639851130833,0.06744978118518025,0.08547365856940074,subcarrier_mask,2,2026
widar__time_stats__random_forest,0.12482107071285428,0.036075352523179824,0.05972101632456841,subcarrier_mask,3,2026
widar__time_stats__random_forest,0.10864586315488119,0.028306344410692977,0.05190918278081995,subcarrier_mask,4,2026
widar__time_stats__random_forest,0.08932150014314343,0.020967402231056285,0.042411335039406015,subcarrier_mask,5,2026
widar__time_stats__random_forest,0.1837961637560836,0.07412084256110109,0.09129399808617879,time_dropout,1,2026
widar__time_stats__random_forest,0.16132264529058116,0.059460201562484445,0.0792744079913996,time_dropout,2,2026
widar__time_stats__random_forest,0.13269395934726597,0.039907934223698004,0.06394485869047319,time_dropout,3,2026
widar__time_stats__random_forest,0.1067849985685657,0.025833627657704396,0.05099317091183928,time_dropout,4,2026
widar__time_stats__random_forest,0.0954766676209562,0.02183183826023423,0.04540347890442348,time_dropout,5,2026
widar__time_stats__random_forest,0.17506441454337246,0.07393522799694238,0.08983347046166333,amplitude_scaling,1,2026
widar__time_stats__random_forest,0.15015745777268824,0.06127526695385097,0.0770074457910413,amplitude_scaling,2,2026
widar__time_stats__random_forest,0.12839965645576867,0.04962663895838064,0.066303432370714,amplitude_scaling,3,2026
widar__time_stats__random_forest,0.1216719152590896,0.04610698380252491,0.0632166881033657,amplitude_scaling,4,2026
widar__time_stats__random_forest,0.1127970226166619,0.040724311590931435,0.05914332167210916,amplitude_scaling,5,2026
widar__time_stats__random_forest,0.1945319209848268,0.08160743245909212,0.09780782310545648,contiguous_subcarrier_block,1,2026
widar__time_stats__random_forest,0.16189521900944748,0.06250048996191936,0.08067637174780767,contiguous_subcarrier_block,2,2026
widar__time_stats__random_forest,0.12625250501002003,0.03532664387415523,0.06059479381084414,contiguous_subcarrier_block,3,2026
widar__time_stats__random_forest,0.10878900658459777,0.02649671502173112,0.05178000738280492,contiguous_subcarrier_block,4,2026
widar__time_stats__random_forest,0.09232751216719152,0.021215890975235144,0.04377057726978218,contiguous_subcarrier_block,5,2026
widar__time_stats__random_forest,0.1837961637560836,0.07412084256110109,0.09129399808617879,burst_time_dropout,1,2026
widar__time_stats__random_forest,0.160034354423132,0.05868209145894414,0.0783017689677005,burst_time_dropout,2,2026
widar__time_stats__random_forest,0.1414257085599771,0.04527409548584663,0.0679214971404371,burst_time_dropout,3,2026
widar__time_stats__random_forest,0.11981105067277412,0.03174492540956103,0.05783722916643224,burst_time_dropout,4,2026
widar__time_stats__random_forest,0.1092184368737475,0.024321286129130523,0.05227797845915549,burst_time_dropout,5,2026
widar__time_stats__random_forest,0.15960492413398225,0.05680299885643534,0.07826820757498701,smooth_gain_drift,1,2026
widar__time_stats__random_forest,0.138419696535929,0.047501262436781655,0.06706894854594453,smooth_gain_drift,2,2026
widar__time_stats__random_forest,0.12911537360435155,0.044110164646514856,0.06254087489333691,smooth_gain_drift,3,2026
widar__time_stats__random_forest,0.12124248496993988,0.03983661610017497,0.05825005382132331,smooth_gain_drift,4,2026
widar__time_stats__random_forest,0.11122244488977956,0.034862183659839556,0.05303474776373605,smooth_gain_drift,5,2026
widar__fft_stats__logistic_regression,0.2845691382765531,0.1477063191159411,0.1598344281348161,gaussian_snr,1,42
widar__fft_stats__logistic_regression,0.2560835957629545,0.1267620194015412,0.14112970206128475,gaussian_snr,2,42
widar__fft_stats__logistic_regression,0.19696535929000858,0.08753879838822316,0.10660980373933641,gaussian_snr,3,42
widar__fft_stats__logistic_regression,0.1341253936444317,0.0393575093376699,0.06942109609042872,gaussian_snr,4,42
widar__fft_stats__logistic_regression,0.10635556827941597,0.020300509490034764,0.054266449618246025,gaussian_snr,5,42
widar__fft_stats__logistic_regression,0.25765817348983683,0.13362728101799587,0.15161468576513312,subcarrier_mask,1,42
widar__fft_stats__logistic_regression,0.1843687374749499,0.08331914403382648,0.11427271219098381,subcarrier_mask,2,42
widar__fft_stats__logistic_regression,0.07858574291440022,0.029548413497627116,0.06271522803274467,subcarrier_mask,3,42
widar__fft_stats__logistic_regression,0.047094188376753505,0.005986035818251553,0.04688152764238963,subcarrier_mask,4,42
widar__fft_stats__logistic_regression,0.04408817635270541,0.0038583436681824445,0.045454545454545456,subcarrier_mask,5,42
widar__fft_stats__logistic_regression,0.23847695390781562,0.1312782999192035,0.1411497756999421,time_dropout,1,42
widar__fft_stats__logistic_regression,0.14843973661608934,0.07267493799388404,0.09376151091187554,time_dropout,2,42
widar__fft_stats__logistic_regression,0.07257371886630404,0.02141223747131777,0.058934621774214574,time_dropout,3,42
widar__fft_stats__logistic_regression,0.04451760664185514,0.004360593913677596,0.045579148668424656,time_dropout,4,42
widar__fft_stats__logistic_regression,0.044231319782421986,0.003977467453258749,0.04552259118127382,time_dropout,5,42
widar__fft_stats__logistic_regression,0.26925279129687946,0.15269459404346758,0.16163177776382773,amplitude_scaling,1,42
widar__fft_stats__logistic_regression,0.2129974234182651,0.1223311312626212,0.13518572393439,amplitude_scaling,2,42
widar__fft_stats__logistic_regression,0.17864300028628685,0.10394808298990502,0.1169331106101732,amplitude_scaling,3,42
widar__fft_stats__logistic_regression,0.15602633839106786,0.09224784239603809,0.10586019514888187,amplitude_scaling,4,42
widar__fft_stats__logistic_regression,0.12854279988548525,0.07595680334042215,0.09250294631397392,amplitude_scaling,5,42
widar__fft_stats__logistic_regression,0.2536501574577727,0.13738050616008346,0.1522969199428841,contiguous_subcarrier_block,1,42
widar__fft_stats__logistic_regression,0.19166905239049528,0.09669788227094434,0.1195392137894672,contiguous_subcarrier_block,2,42
widar__fft_stats__logistic_regression,0.09433152018322359,0.0426315741567663,0.07171354743395203,contiguous_subcarrier_block,3,42
widar__fft_stats__logistic_regression,0.05196106498711709,0.011252426898444644,0.04972368741486337,contiguous_subcarrier_block,4,42
widar__fft_stats__logistic_regression,0.044947036931004866,0.004660272356345999,0.045870633681526135,contiguous_subcarrier_block,5,42
widar__fft_stats__logistic_regression,0.23847695390781562,0.1312782999192035,0.1411497756999421,burst_time_dropout,1,42
widar__fft_stats__logistic_regression,0.23346693386773548,0.11208007432500083,0.12763785944627715,burst_time_dropout,2,42
widar__fft_stats__logistic_regression,0.16862296020612655,0.06805804993520576,0.09521361931962247,burst_time_dropout,3,42
widar__fft_stats__logistic_regression,0.07787002576581735,0.02391533490189435,0.06138643699877466,burst_time_dropout,4,42
widar__fft_stats__logistic_regression,0.05095906097910106,0.008695118972644262,0.04882878640182637,burst_time_dropout,5,42
widar__fft_stats__logistic_regression,0.28371027769825363,0.16115074393957046,0.1693339945501108,smooth_gain_drift,1,42
widar__fft_stats__logistic_regression,0.24778127683939308,0.14012605382724674,0.15110417963938716,smooth_gain_drift,2,42
widar__fft_stats__logistic_regression,0.21457200114514743,0.12043889695710557,0.13331276015616333,smooth_gain_drift,3,42
widar__fft_stats__logistic_regression,0.1880904666475809,0.10519240854119306,0.12137875822394815,smooth_gain_drift,4,42
widar__fft_stats__logistic_regression,0.15359290008588605,0.08456665989052105,0.10323222909652459,smooth_gain_drift,5,42
widar__fft_stats__logistic_regression,0.2849985685657028,0.14752350023744115,0.15948945316015342,gaussian_snr,1,123
widar__fft_stats__logistic_regression,0.2575150300601202,0.12850662832803428,0.14308925962898375,gaussian_snr,2,123
widar__fft_stats__logistic_regression,0.19768107643859148,0.08615924881882887,0.10627218390552659,gaussian_snr,3,123
widar__fft_stats__logistic_regression,0.13326653306613226,0.040175628434873295,0.06973462812302535,gaussian_snr,4,123
widar__fft_stats__logistic_regression,0.10835957629544804,0.02125498884624187,0.055185660148235,gaussian_snr,5,123
widar__fft_stats__logistic_regression,0.2547953048955053,0.13422185340504775,0.1515800502603082,subcarrier_mask,1,123
widar__fft_stats__logistic_regression,0.18451188090466647,0.0860530095131359,0.11556812170802579,subcarrier_mask,2,123
widar__fft_stats__logistic_regression,0.07772688233610077,0.027094440253709086,0.06161895557232464,subcarrier_mask,3,123
widar__fft_stats__logistic_regression,0.04666475808760378,0.005744343009940422,0.04667947055323726,subcarrier_mask,4,123
widar__fft_stats__logistic_regression,0.044231319782421986,0.0039886930958900205,0.04552259118127382,subcarrier_mask,5,123
widar__fft_stats__logistic_regression,0.2381906670483825,0.1296634396219107,0.14036303505571202,time_dropout,1,123
widar__fft_stats__logistic_regression,0.15001431434297166,0.07301623491010298,0.09462894211869574,time_dropout,2,123
widar__fft_stats__logistic_regression,0.0685657028342399,0.01883663927815605,0.05667075009453135,time_dropout,3,123
widar__fft_stats__logistic_regression,0.045805897509304326,0.005315943440539914,0.04627109417528579,time_dropout,4,123
widar__fft_stats__logistic_regression,0.04437446321213856,0.004111948356970423,0.04559063690800218,time_dropout,5,123
widar__fft_stats__logistic_regression,0.267391926710564,0.14780807561327133,0.1558814760963925,amplitude_scaling,1,123
widar__fft_stats__logistic_regression,0.21113655883194962,0.11832433493429347,0.12758153241795703,amplitude_scaling,2,123
widar__fft_stats__logistic_regression,0.17692527912968795,0.10401830736409684,0.11408336394695277,amplitude_scaling,3,123
widar__fft_stats__logistic_regression,0.15416547380475237,0.09203103432751868,0.10399338919048785,amplitude_scaling,4,123
widar__fft_stats__logistic_regression,0.1276839393071858,0.07463352819622655,0.08864190678593498,amplitude_scaling,5,123
widar__fft_stats__logistic_regression,0.2529344403091898,0.13702933257435135,0.15218479816338018,contiguous_subcarrier_block,1,123
widar__fft_stats__logistic_regression,0.19166905239049528,0.09480805760314706,0.11837171024968483,contiguous_subcarrier_block,2,123
widar__fft_stats__logistic_regression,0.09762381906670484,0.04211208149661834,0.07227235304665032,contiguous_subcarrier_block,3,123
widar__fft_stats__logistic_regression,0.05353564271399943,0.011223652791950103,0.049999136012313115,contiguous_subcarrier_block,4,123
widar__fft_stats__logistic_regression,0.04480389350128829,0.004490099280866896,0.04579477408818726,contiguous_subcarrier_block,5,123
widar__fft_stats__logistic_regression,0.2381906670483825,0.1296634396219107,0.14036303505571202,burst_time_dropout,1,123
widar__fft_stats__logistic_regression,0.23103349556255368,0.11061066280033498,0.12537033467693276,burst_time_dropout,2,123
widar__fft_stats__logistic_regression,0.16905239049527626,0.06840697320474295,0.09500768044696234,burst_time_dropout,3,123
widar__fft_stats__logistic_regression,0.0781563126252505,0.023911011180687693,0.0620478329437417,burst_time_dropout,4,123
widar__fft_stats__logistic_regression,0.05038648726023476,0.008289463261610392,0.048558851854060565,burst_time_dropout,5,123
widar__fft_stats__logistic_regression,0.28170626968222157,0.15506759116754612,0.16374790695289212,smooth_gain_drift,1,123
widar__fft_stats__logistic_regression,0.2470655596908102,0.13852972390502646,0.14722972166629,smooth_gain_drift,2,123
widar__fft_stats__logistic_regression,0.2129974234182651,0.11899920444065465,0.13001645675679732,smooth_gain_drift,3,123
widar__fft_stats__logistic_regression,0.18923561408531347,0.10745574543410986,0.12084583617740288,smooth_gain_drift,4,123
widar__fft_stats__logistic_regression,0.1544517606641855,0.08809767663427777,0.1033609690925425,smooth_gain_drift,5,123
widar__fft_stats__logistic_regression,0.2841397079874034,0.14869147736897964,0.1605349259851417,gaussian_snr,1,2026
widar__fft_stats__logistic_regression,0.25737188663040367,0.1286453455924433,0.14284265423856196,gaussian_snr,2,2026
widar__fft_stats__logistic_regression,0.19725164614944174,0.08682578144876331,0.10641112513982481,gaussian_snr,3,2026
widar__fft_stats__logistic_regression,0.13283710277698255,0.0386089545429151,0.06899698996167491,gaussian_snr,4,2026
widar__fft_stats__logistic_regression,0.10707128542799886,0.02180411942563686,0.05511658501179459,gaussian_snr,5,2026
widar__fft_stats__logistic_regression,0.25250501002004005,0.1359148661408542,0.15195455627918036,subcarrier_mask,1,2026
widar__fft_stats__logistic_regression,0.18365302032636702,0.08503056438002873,0.11550701043710375,subcarrier_mask,2,2026
widar__fft_stats__logistic_regression,0.07586601774978528,0.026497387543578346,0.06079726431795602,subcarrier_mask,3,2026
widar__fft_stats__logistic_regression,0.04838247924420269,0.00692678644175759,0.04749216514465609,subcarrier_mask,4,2026
widar__fft_stats__logistic_regression,0.04437446321213856,0.004117958887957759,0.04559063690800218,subcarrier_mask,5,2026
widar__fft_stats__logistic_regression,0.2399083882049814,0.1319028597175669,0.14180725699641397,time_dropout,1,2026
widar__fft_stats__logistic_regression,0.1462925851703407,0.07035033579231326,0.09232492994767877,time_dropout,2,2026
widar__fft_stats__logistic_regression,0.0685657028342399,0.019427522465573346,0.05618216007469987,time_dropout,3,2026
widar__fft_stats__logistic_regression,0.044947036931004866,0.0046049836961462275,0.04586281981491562,time_dropout,4,2026
widar__fft_stats__logistic_regression,0.04408817635270541,0.0038461538461538464,0.045454545454545456,time_dropout,5,2026
widar__fft_stats__logistic_regression,0.2557973089035213,0.1443174398337719,0.1518307376958936,amplitude_scaling,1,2026
widar__fft_stats__logistic_regression,0.20641282565130262,0.11985689914492123,0.13074250970889575,amplitude_scaling,2,2026
widar__fft_stats__logistic_regression,0.17320354995705697,0.10114006699720304,0.11404109256029003,amplitude_scaling,3,2026
widar__fft_stats__logistic_regression,0.15259089607787002,0.09020244465854757,0.10416215617788671,amplitude_scaling,4,2026
widar__fft_stats__logistic_regression,0.12310334955625536,0.07096490547827874,0.08656079744574026,amplitude_scaling,5,2026
widar__fft_stats__logistic_regression,0.24921271113655882,0.132325041415756,0.14894329102258547,contiguous_subcarrier_block,1,2026
widar__fft_stats__logistic_regression,0.18995133123389638,0.09600131780760733,0.11780152052240248,contiguous_subcarrier_block,2,2026
widar__fft_stats__logistic_regression,0.09447466361294017,0.039414974326776896,0.07006484869749098,contiguous_subcarrier_block,3,2026
widar__fft_stats__logistic_regression,0.05511022044088176,0.01263688258550512,0.05069860309764269,contiguous_subcarrier_block,4,2026
widar__fft_stats__logistic_regression,0.04451760664185514,0.004246706552755649,0.04565868263473054,contiguous_subcarrier_block,5,2026
widar__fft_stats__logistic_regression,0.2399083882049814,0.1319028597175669,0.14180725699641397,burst_time_dropout,1,2026
widar__fft_stats__logistic_regression,0.2291726309762382,0.10796830176762716,0.1244248189919863,burst_time_dropout,2,2026
widar__fft_stats__logistic_regression,0.16590323504151158,0.06395896395303907,0.0921127399219439,burst_time_dropout,3,2026
widar__fft_stats__logistic_regression,0.08016032064128256,0.024669158986417986,0.06287177805654987,burst_time_dropout,4,2026
widar__fft_stats__logistic_regression,0.05167477812768394,0.009305854679436905,0.049127632039947994,burst_time_dropout,5,2026
widar__fft_stats__logistic_regression,0.27712567993129117,0.15247442758817695,0.16089746594560336,smooth_gain_drift,1,2026
widar__fft_stats__logistic_regression,0.23761809332951617,0.13189916539206686,0.14136660295342243,smooth_gain_drift,2,2026
widar__fft_stats__logistic_regression,0.20512453478385342,0.11389002017497506,0.1256562771170316,smooth_gain_drift,3,2026
widar__fft_stats__logistic_regression,0.1790724305754366,0.10162931590827559,0.11527337272924604,smooth_gain_drift,4,2026
widar__fft_stats__logistic_regression,0.14729458917835672,0.08306737596726158,0.09884912485684177,smooth_gain_drift,5,2026
widar__fft_stats__random_forest,0.2749785284855425,0.14574819291515811,0.15648723344628093,gaussian_snr,1,42
widar__fft_stats__random_forest,0.24506155167477814,0.12715598481009324,0.13942740169742074,gaussian_snr,2,42
widar__fft_stats__random_forest,0.1855138849126825,0.08691097057544281,0.10079854908734971,gaussian_snr,3,42
widar__fft_stats__random_forest,0.1372745490981964,0.0517301175570162,0.07149869751625494,gaussian_snr,4,42
widar__fft_stats__random_forest,0.1329802462066991,0.04313725181027062,0.06885002775051957,gaussian_snr,5,42
widar__fft_stats__random_forest,0.27784139707987404,0.1455832844679865,0.15639990825979497,subcarrier_mask,1,42
widar__fft_stats__random_forest,0.25336387059833954,0.12492536633774383,0.14115134986535446,subcarrier_mask,2,42
widar__fft_stats__random_forest,0.22359003721729173,0.10476109877951968,0.12322111144923378,subcarrier_mask,3,42
widar__fft_stats__random_forest,0.1885198969367306,0.08096115130677312,0.10206910550192858,subcarrier_mask,4,42
widar__fft_stats__random_forest,0.1634697967363298,0.05829237772824037,0.08589008253355693,subcarrier_mask,5,42
widar__fft_stats__random_forest,0.1759232751216719,0.08600425093447521,0.09997193876817768,time_dropout,1,42
widar__fft_stats__random_forest,0.13226452905811623,0.056778568289814514,0.07759555997475882,time_dropout,2,42
widar__fft_stats__random_forest,0.09619238476953908,0.02915166280927791,0.0622712495656248,time_dropout,3,42
widar__fft_stats__random_forest,0.0685657028342399,0.017931032424055714,0.04961439798633593,time_dropout,4,42
widar__fft_stats__random_forest,0.06670483824792442,0.01861229297109718,0.04955189985572403,time_dropout,5,42
widar__fft_stats__random_forest,0.27569424563412537,0.1507648389378676,0.15787687169768036,amplitude_scaling,1,42
widar__fft_stats__random_forest,0.2411966790724306,0.12975832384293606,0.13744620982692016,amplitude_scaling,2,42
widar__fft_stats__random_forest,0.21414257085599772,0.11646930126925016,0.12284411737644575,amplitude_scaling,3,42
widar__fft_stats__random_forest,0.1986830804466075,0.10783815626031655,0.11374126367437039,amplitude_scaling,4,42
widar__fft_stats__random_forest,0.18107643859146866,0.09419358192321382,0.10278930866140558,amplitude_scaling,5,42
widar__fft_stats__random_forest,0.27741196679072433,0.14663642038136843,0.15788682700766407,contiguous_subcarrier_block,1,42
widar__fft_stats__random_forest,0.24677927283137704,0.1251784258499731,0.1386132679175152,contiguous_subcarrier_block,2,42
widar__fft_stats__random_forest,0.22001145147437734,0.10301354963679521,0.1228071222385485,contiguous_subcarrier_block,3,42
widar__fft_stats__random_forest,0.18751789292871457,0.07871063909751547,0.10245510211098643,contiguous_subcarrier_block,4,42
widar__fft_stats__random_forest,0.15073003149155453,0.04934190576627988,0.0774342191525118,contiguous_subcarrier_block,5,42
widar__fft_stats__random_forest,0.1759232751216719,0.08600425093447521,0.09997193876817768,burst_time_dropout,1,42
widar__fft_stats__random_forest,0.22473518465502434,0.10714962296793562,0.11878807068511552,burst_time_dropout,2,42
widar__fft_stats__random_forest,0.18537074148296592,0.07925680464300272,0.09907289443220328,burst_time_dropout,3,42
widar__fft_stats__random_forest,0.14214142570855998,0.0629995287841186,0.08305728341659124,burst_time_dropout,4,42
widar__fft_stats__random_forest,0.12396221013455483,0.04925176491611316,0.07121425012839827,burst_time_dropout,5,42
widar__fft_stats__random_forest,0.28771829373031776,0.15593667194848967,0.1647290198613585,smooth_gain_drift,1,42
widar__fft_stats__random_forest,0.2638133409676496,0.14140453898041125,0.1506541135413603,smooth_gain_drift,2,42
widar__fft_stats__random_forest,0.2480675636988262,0.13439798150868373,0.1431973595704511,smooth_gain_drift,3,42
widar__fft_stats__random_forest,0.2261666189521901,0.12305949738978397,0.12962402383107988,smooth_gain_drift,4,42
widar__fft_stats__random_forest,0.20383624391640423,0.10727046949154992,0.1149979990994944,smooth_gain_drift,5,42
widar__fft_stats__random_forest,0.27354709418837675,0.14627592773958245,0.15640070500308004,gaussian_snr,1,123
widar__fft_stats__random_forest,0.2433438305181792,0.12642523330514738,0.1388923809721863,gaussian_snr,2,123
widar__fft_stats__random_forest,0.18479816776409963,0.08734197524548287,0.10083311657099375,gaussian_snr,3,123
widar__fft_stats__random_forest,0.14257085599770972,0.05645258211354982,0.07566283372270705,gaussian_snr,4,123
widar__fft_stats__random_forest,0.1348411107930146,0.04449787583528908,0.07057164385643262,gaussian_snr,5,123
widar__fft_stats__random_forest,0.2788434010878901,0.14762479751345953,0.15832625908241796,subcarrier_mask,1,123
widar__fft_stats__random_forest,0.25636988262238763,0.12955503508223956,0.1443142823438762,subcarrier_mask,2,123
widar__fft_stats__random_forest,0.22401946750644144,0.10554305814657923,0.12391221697423384,subcarrier_mask,3,123
widar__fft_stats__random_forest,0.18365302032636702,0.07680098503819068,0.09961055638408908,subcarrier_mask,4,123
widar__fft_stats__random_forest,0.16332665330661322,0.058623839381043624,0.0861850332452704,subcarrier_mask,5,123
widar__fft_stats__random_forest,0.1760664185513885,0.08677137755223686,0.10091634032075193,time_dropout,1,123
widar__fft_stats__random_forest,0.13283710277698255,0.056025598328074015,0.07784826722243925,time_dropout,2,123
widar__fft_stats__random_forest,0.08874892642427712,0.027146414617838163,0.05679531376216806,time_dropout,3,123
widar__fft_stats__random_forest,0.07257371886630404,0.02072768845839847,0.05176058230011687,time_dropout,4,123
widar__fft_stats__random_forest,0.06713426853707415,0.019435783342112767,0.05075251617935856,time_dropout,5,123
widar__fft_stats__random_forest,0.2686802175780132,0.14491980806984223,0.15269433776505784,amplitude_scaling,1,123
widar__fft_stats__random_forest,0.24563412539364443,0.13204779360963503,0.13924696486253188,amplitude_scaling,2,123
widar__fft_stats__random_forest,0.22172917263097625,0.11976098930591993,0.12574086843759133,amplitude_scaling,3,123
widar__fft_stats__random_forest,0.20512453478385342,0.11253522121927766,0.11829043228674029,amplitude_scaling,4,123
widar__fft_stats__random_forest,0.18422559404523334,0.1001031478412146,0.10775964270077734,amplitude_scaling,5,123
widar__fft_stats__random_forest,0.2726882336100773,0.14179148356448323,0.15320105375062107,contiguous_subcarrier_block,1,123
widar__fft_stats__random_forest,0.24305754365874607,0.1211602978800539,0.13567233315615207,contiguous_subcarrier_block,2,123
widar__fft_stats__random_forest,0.21686229602061266,0.10099180107008042,0.12130018984484912,contiguous_subcarrier_block,3,123
widar__fft_stats__random_forest,0.18522759805324934,0.07354092545957601,0.0996692595218054,contiguous_subcarrier_block,4,123
widar__fft_stats__random_forest,0.14886916690523905,0.049408469330137476,0.07732999409501562,contiguous_subcarrier_block,5,123
widar__fft_stats__random_forest,0.1760664185513885,0.08677137755223686,0.10091634032075193,burst_time_dropout,1,123
widar__fft_stats__random_forest,0.22273117663899228,0.10758433941536931,0.11806133962058535,burst_time_dropout,2,123
widar__fft_stats__random_forest,0.18766103635843115,0.0835303033250468,0.10086543078268974,burst_time_dropout,3,123
widar__fft_stats__random_forest,0.1462925851703407,0.06559710249218902,0.08506763494043125,burst_time_dropout,4,123
widar__fft_stats__random_forest,0.12210134554823933,0.04983418139113287,0.0701312345180619,burst_time_dropout,5,123
widar__fft_stats__random_forest,0.28299456054967076,0.15692968783815023,0.16299713711485483,smooth_gain_drift,1,123
widar__fft_stats__random_forest,0.26338391067849987,0.14239131386219794,0.14959546174577706,smooth_gain_drift,2,123
widar__fft_stats__random_forest,0.24677927283137704,0.13444311808939488,0.14100212075209198,smooth_gain_drift,3,123
widar__fft_stats__random_forest,0.23403950758660177,0.13505619815093436,0.13879590379044562,smooth_gain_drift,4,123
widar__fft_stats__random_forest,0.20498139135413684,0.11383825922489464,0.11939769562782146,smooth_gain_drift,5,123
widar__fft_stats__random_forest,0.27712567993129117,0.1486560152778377,0.15920862989437976,gaussian_snr,1,2026
widar__fft_stats__random_forest,0.245777268823361,0.12776309098921493,0.1399801078020297,gaussian_snr,2,2026
widar__fft_stats__random_forest,0.18365302032636702,0.08761333024988426,0.10080502729916413,gaussian_snr,3,2026
widar__fft_stats__random_forest,0.13999427426281133,0.05379912676456902,0.07362364176960094,gaussian_snr,4,2026
widar__fft_stats__random_forest,0.1319782421986831,0.04384243393180541,0.06917974577791043,gaussian_snr,5,2026
widar__fft_stats__random_forest,0.2785571142284569,0.14736147129027746,0.15798981912301346,subcarrier_mask,1,2026
widar__fft_stats__random_forest,0.2595190380761523,0.13104344412435487,0.14659505686845684,subcarrier_mask,2,2026
widar__fft_stats__random_forest,0.22330375035785857,0.10450132272938291,0.12266747211526402,subcarrier_mask,3,2026
widar__fft_stats__random_forest,0.18708846263956486,0.08052774398822121,0.10201654363098699,subcarrier_mask,4,2026
widar__fft_stats__random_forest,0.164758087603779,0.057595896779904295,0.08654385089361359,subcarrier_mask,5,2026
widar__fft_stats__random_forest,0.1736329802462067,0.08508664416643928,0.09944580696784552,time_dropout,1,2026
widar__fft_stats__random_forest,0.12682507872888635,0.054176258015993725,0.07342215047486694,time_dropout,2,2026
widar__fft_stats__random_forest,0.09476095047237332,0.027578295127976615,0.0605896542782601,time_dropout,3,2026
widar__fft_stats__random_forest,0.07142857142857142,0.01965865271952414,0.05099323195403762,time_dropout,4,2026
widar__fft_stats__random_forest,0.06813627254509018,0.019621123067383936,0.051369717721037815,time_dropout,5,2026
widar__fft_stats__random_forest,0.26939593472659606,0.14534440623167308,0.15425826691601874,amplitude_scaling,1,2026
widar__fft_stats__random_forest,0.24320068708846265,0.13254823837328408,0.1405466353071874,amplitude_scaling,2,2026
widar__fft_stats__random_forest,0.21500143143429717,0.11786099941090344,0.12386250253110091,amplitude_scaling,3,2026
widar__fft_stats__random_forest,0.20068708846263955,0.11346717432657277,0.11893396290617964,amplitude_scaling,4,2026
widar__fft_stats__random_forest,0.1772115659891211,0.09394594874141893,0.10279408155206805,amplitude_scaling,5,2026
widar__fft_stats__random_forest,0.2719725164614944,0.1436251144317488,0.15406601726872846,contiguous_subcarrier_block,1,2026
widar__fft_stats__random_forest,0.2482107071285428,0.12827455619596087,0.14033308176012108,contiguous_subcarrier_block,2,2026
widar__fft_stats__random_forest,0.21199541941024908,0.09841517499538241,0.11733721928304286,contiguous_subcarrier_block,3,2026
widar__fft_stats__random_forest,0.1850844546235328,0.07321773273329986,0.09897718285883435,contiguous_subcarrier_block,4,2026
widar__fft_stats__random_forest,0.1521614657887203,0.049808963334007104,0.0783618368035956,contiguous_subcarrier_block,5,2026
widar__fft_stats__random_forest,0.1736329802462067,0.08508664416643928,0.09944580696784552,burst_time_dropout,1,2026
widar__fft_stats__random_forest,0.2238763240767249,0.10604299506320113,0.11821581102907058,burst_time_dropout,2,2026
widar__fft_stats__random_forest,0.18837675350701402,0.08127419031505675,0.10045559688871002,burst_time_dropout,3,2026
widar__fft_stats__random_forest,0.1419982822788434,0.06330855781520753,0.0825479141240829,burst_time_dropout,4,2026
widar__fft_stats__random_forest,0.12066991125107357,0.04843192652148498,0.07009182317703797,burst_time_dropout,5,2026
widar__fft_stats__random_forest,0.28371027769825363,0.1542379879672122,0.16319512079179002,smooth_gain_drift,1,2026
widar__fft_stats__random_forest,0.25937589464643573,0.1406617451121419,0.14913395775936855,smooth_gain_drift,2,2026
widar__fft_stats__random_forest,0.24076724878328085,0.13169646914904962,0.1396659289766157,smooth_gain_drift,3,2026
widar__fft_stats__random_forest,0.22244488977955912,0.12482377765442484,0.13146625027990827,smooth_gain_drift,4,2026
widar__fft_stats__random_forest,0.19653592900085887,0.10804817871229444,0.11311752764299564,smooth_gain_drift,5,2026
widar__autocorrelation__logistic_regression,0.15888920698539938,0.06404038729363909,0.08041325363950935,gaussian_snr,1,42
widar__autocorrelation__logistic_regression,0.14529058116232466,0.06171555656283099,0.0745833884797183,gaussian_snr,2,42
widar__autocorrelation__logistic_regression,0.1265387918694532,0.05494890440481712,0.06648749387283184,gaussian_snr,3,42
widar__autocorrelation__logistic_regression,0.10692814199828228,0.047183256140026296,0.05949273009345888,gaussian_snr,4,42
widar__autocorrelation__logistic_regression,0.08660177497852849,0.03614434200018271,0.05217366907094215,gaussian_snr,5,42
widar__autocorrelation__logistic_regression,0.1687661036358431,0.06603672424967316,0.08508054456058475,subcarrier_mask,1,42
widar__autocorrelation__logistic_regression,0.17091325508159175,0.06598822264799295,0.08610862822741618,subcarrier_mask,2,42
widar__autocorrelation__logistic_regression,0.16690523904952762,0.06436043763326149,0.0841428406330281,subcarrier_mask,3,42
widar__autocorrelation__logistic_regression,0.17578013169195533,0.06669114744973464,0.0878246815842565,subcarrier_mask,4,42
widar__autocorrelation__logistic_regression,0.1711995419410249,0.06633515483179672,0.08608697861026106,subcarrier_mask,5,42
widar__autocorrelation__logistic_regression,0.15473804752361867,0.062405122055896524,0.07764033822667425,time_dropout,1,42
widar__autocorrelation__logistic_regression,0.14099627827082736,0.060800348275651166,0.07250704623315016,time_dropout,2,42
widar__autocorrelation__logistic_regression,0.1294016604637847,0.057032436400891444,0.068983964973887,time_dropout,3,42
widar__autocorrelation__logistic_regression,0.10163183509876897,0.04294149324505996,0.0575750182148026,time_dropout,4,42
widar__autocorrelation__logistic_regression,0.09089607787002577,0.03742536029561261,0.05395668368865659,time_dropout,5,42
widar__autocorrelation__logistic_regression,0.17062696822215861,0.06576254418642181,0.08609880832595948,amplitude_scaling,1,42
widar__autocorrelation__logistic_regression,0.17062696822215861,0.06576254418642181,0.08609880832595948,amplitude_scaling,2,42
widar__autocorrelation__logistic_regression,0.17062696822215861,0.06576254418642181,0.08609880832595948,amplitude_scaling,3,42
widar__autocorrelation__logistic_regression,0.17062696822215861,0.06576254418642181,0.08609880832595948,amplitude_scaling,4,42
widar__autocorrelation__logistic_regression,0.17062696822215861,0.06576254418642181,0.08609880832595948,amplitude_scaling,5,42
widar__autocorrelation__logistic_regression,0.17191525908960778,0.06426692002906023,0.08551746114932737,contiguous_subcarrier_block,1,42
widar__autocorrelation__logistic_regression,0.16633266533066132,0.06088563325498469,0.08252026519148786,contiguous_subcarrier_block,2,42
widar__autocorrelation__logistic_regression,0.1604637847122817,0.05400552253367901,0.07815966512047921,contiguous_subcarrier_block,3,42
widar__autocorrelation__logistic_regression,0.15760091611795018,0.05160312191705688,0.07633985308364323,contiguous_subcarrier_block,4,42
widar__autocorrelation__logistic_regression,0.14700830231892356,0.04625409668511804,0.07125775522693577,contiguous_subcarrier_block,5,42
widar__autocorrelation__logistic_regression,0.15473804752361867,0.062405122055896524,0.07764033822667425,burst_time_dropout,1,42
widar__autocorrelation__logistic_regression,0.15888920698539938,0.06383548661469879,0.0798479222327821,burst_time_dropout,2,42
widar__autocorrelation__logistic_regression,0.15845977669624964,0.06563562005006246,0.08058010539981601,burst_time_dropout,3,42
widar__autocorrelation__logistic_regression,0.15173203549957057,0.06078787404929071,0.07644409823621777,burst_time_dropout,4,42
widar__autocorrelation__logistic_regression,0.14070999141139423,0.055601965884221755,0.07062483722365259,burst_time_dropout,5,42
widar__autocorrelation__logistic_regression,0.17048382479244203,0.06581709899922022,0.08609552904593774,smooth_gain_drift,1,42
widar__autocorrelation__logistic_regression,0.16805038648726023,0.06469543375380826,0.0848068797090853,smooth_gain_drift,2,42
widar__autocorrelation__logistic_regression,0.16690523904952762,0.06404123023362758,0.08417571135270158,smooth_gain_drift,3,42
widar__autocorrelation__logistic_regression,0.16690523904952762,0.06422571366416216,0.08423304415937988,smooth_gain_drift,4,42
widar__autocorrelation__logistic_regression,0.16590323504151158,0.06405329060617888,0.0837686585918366,smooth_gain_drift,5,42
widar__autocorrelation__logistic_regression,0.16117950186086458,0.06586684891578082,0.08182174235001118,gaussian_snr,1,123
widar__autocorrelation__logistic_regression,0.14987117091325508,0.0633603081911473,0.0770071465861018,gaussian_snr,2,123
widar__autocorrelation__logistic_regression,0.13011737761236758,0.05704790986864086,0.06840157892451529,gaussian_snr,3,123
widar__autocorrelation__logistic_regression,0.10578299456054967,0.046316429829956866,0.05874862534032872,gaussian_snr,4,123
widar__autocorrelation__logistic_regression,0.09089607787002577,0.03764838195126022,0.05476985068041807,gaussian_snr,5,123
widar__autocorrelation__logistic_regression,0.17620956198110507,0.06836754548071512,0.08909077890912714,subcarrier_mask,1,123
widar__autocorrelation__logistic_regression,0.17348983681649013,0.06474621178504845,0.08623994386613067,subcarrier_mask,2,123
widar__autocorrelation__logistic_regression,0.1713426853707415,0.06356615339459705,0.08503164225533053,subcarrier_mask,3,123
widar__autocorrelation__logistic_regression,0.17492127111365588,0.06728663262507024,0.08756758715529472,subcarrier_mask,4,123
widar__autocorrelation__logistic_regression,0.16618952190094474,0.061845999310114315,0.08229217702375693,subcarrier_mask,5,123
widar__autocorrelation__logistic_regression,0.16146578872029774,0.06695263645282058,0.08214655125893479,time_dropout,1,123
widar__autocorrelation__logistic_regression,0.1467220154594904,0.06224346786926815,0.0751660247635482,time_dropout,2,123
widar__autocorrelation__logistic_regression,0.11866590323504152,0.05253435143868061,0.06370750669833755,time_dropout,3,123
widar__autocorrelation__logistic_regression,0.09891210993415402,0.04066686980302219,0.0549563302631309,time_dropout,4,123
widar__autocorrelation__logistic_regression,0.09619238476953908,0.04028423257395013,0.05605373045257997,time_dropout,5,123
widar__autocorrelation__logistic_regression,0.17062696822215861,0.06576254418642181,0.08609880832595948,amplitude_scaling,1,123
widar__autocorrelation__logistic_regression,0.17062696822215861,0.06576254418642181,0.08609880832595948,amplitude_scaling,2,123
widar__autocorrelation__logistic_regression,0.17062696822215861,0.06576254418642181,0.08609880832595948,amplitude_scaling,3,123
widar__autocorrelation__logistic_regression,0.17062696822215861,0.06576698239502908,0.08609880832595948,amplitude_scaling,4,123
widar__autocorrelation__logistic_regression,0.17062696822215861,0.06576254418642181,0.08609880832595948,amplitude_scaling,5,123
widar__autocorrelation__logistic_regression,0.16862296020612655,0.06487918425254428,0.08519995263725208,contiguous_subcarrier_block,1,123
widar__autocorrelation__logistic_regression,0.1623246492985972,0.05997476028035975,0.08114307798685434,contiguous_subcarrier_block,2,123
widar__autocorrelation__logistic_regression,0.15760091611795018,0.05396230492897225,0.0775687738659864,contiguous_subcarrier_block,3,123
widar__autocorrelation__logistic_regression,0.1474377326080733,0.04855865866580209,0.07212748901327097,contiguous_subcarrier_block,4,123
widar__autocorrelation__logistic_regression,0.1462925851703407,0.04589370890592,0.07121023564083968,contiguous_subcarrier_block,5,123
widar__autocorrelation__logistic_regression,0.16146578872029774,0.06695263645282058,0.08214655125893479,burst_time_dropout,1,123
widar__autocorrelation__logistic_regression,0.1617520755797309,0.06501891578998222,0.08175692594661142,burst_time_dropout,2,123
widar__autocorrelation__logistic_regression,0.15717148582880044,0.0632723860272222,0.07931029383907993,burst_time_dropout,3,123
widar__autocorrelation__logistic_regression,0.1461494417406241,0.05988748884523256,0.07404544800955076,burst_time_dropout,4,123
widar__autocorrelation__logistic_regression,0.14586315488119095,0.058307437466817706,0.0736856137600099,burst_time_dropout,5,123
widar__autocorrelation__logistic_regression,0.169481820784426,0.06500531739493134,0.08546575750156303,smooth_gain_drift,1,123
widar__autocorrelation__logistic_regression,0.16790724305754365,0.06503055369186926,0.0849324648685562,smooth_gain_drift,2,123
widar__autocorrelation__logistic_regression,0.1670483824792442,0.06486171263001551,0.08459874303163574,smooth_gain_drift,3,123
widar__autocorrelation__logistic_regression,0.16561694818207845,0.06446250641307877,0.08392564843423346,smooth_gain_drift,4,123
widar__autocorrelation__logistic_regression,0.16447180074434584,0.06360567121350867,0.08320573843322676,smooth_gain_drift,5,123
widar__autocorrelation__logistic_regression,0.15831663326653306,0.06337950983227912,0.07944441620143826,gaussian_snr,1,2026
widar__autocorrelation__logistic_regression,0.1462925851703407,0.06129821096124584,0.07420530117032997,gaussian_snr,2,2026
widar__autocorrelation__logistic_regression,0.12496421414257086,0.054571893410727344,0.06531566070959861,gaussian_snr,3,2026
widar__autocorrelation__logistic_regression,0.10707128542799886,0.04828203785353283,0.05952700073551425,gaussian_snr,4,2026
widar__autocorrelation__logistic_regression,0.0841683366733467,0.03396151146126447,0.05071477238344569,gaussian_snr,5,2026
widar__autocorrelation__logistic_regression,0.17764099627827082,0.06853203844586418,0.0892942485161444,subcarrier_mask,1,2026
widar__autocorrelation__logistic_regression,0.16890924706555968,0.06288948251053762,0.08381850793834861,subcarrier_mask,2,2026
widar__autocorrelation__logistic_regression,0.17406241053535643,0.06534730794890421,0.08651267134769104,subcarrier_mask,3,2026
widar__autocorrelation__logistic_regression,0.1677640996278271,0.06241970317916668,0.08325079515609558,subcarrier_mask,4,2026
widar__autocorrelation__logistic_regression,0.17821356999713714,0.06814795296944022,0.08898845838943843,subcarrier_mask,5,2026
widar__autocorrelation__logistic_regression,0.1591754938448325,0.065133954286289,0.08047014177372414,time_dropout,1,2026
widar__autocorrelation__logistic_regression,0.13212138562839965,0.05693997772077228,0.06800099425177876,time_dropout,2,2026
widar__autocorrelation__logistic_regression,0.12038362439164042,0.05250551183295049,0.06407793933394602,time_dropout,3,2026
widar__autocorrelation__logistic_regression,0.10435156026338391,0.0431886305766757,0.05854953089992409,time_dropout,4,2026
widar__autocorrelation__logistic_regression,0.09776696249642142,0.039030562123009024,0.05647058584971793,time_dropout,5,2026
widar__autocorrelation__logistic_regression,0.17062696822215861,0.06576254418642181,0.08609880832595948,amplitude_scaling,1,2026
widar__autocorrelation__logistic_regression,0.17062696822215861,0.06576698239502908,0.08609880832595948,amplitude_scaling,2,2026
widar__autocorrelation__logistic_regression,0.17062696822215861,0.06576698239502908,0.08609880832595948,amplitude_scaling,3,2026
widar__autocorrelation__logistic_regression,0.17062696822215861,0.06576698239502908,0.08609880832595948,amplitude_scaling,4,2026
widar__autocorrelation__logistic_regression,0.17062696822215861,0.06576698239502908,0.08609880832595948,amplitude_scaling,5,2026
widar__autocorrelation__logistic_regression,0.17048382479244203,0.06532929006215951,0.08585916155197121,contiguous_subcarrier_block,1,2026
widar__autocorrelation__logistic_regression,0.16618952190094474,0.06023302414610427,0.08242764371605574,contiguous_subcarrier_block,2,2026
widar__autocorrelation__logistic_regression,0.15817348983681648,0.05487124095904051,0.07790072126485979,contiguous_subcarrier_block,3,2026
widar__autocorrelation__logistic_regression,0.15044374463212137,0.04910522860604417,0.07323447491021648,contiguous_subcarrier_block,4,2026
widar__autocorrelation__logistic_regression,0.1467220154594904,0.04593190412283143,0.07098668357536918,contiguous_subcarrier_block,5,2026
widar__autocorrelation__logistic_regression,0.1591754938448325,0.065133954286289,0.08047014177372414,burst_time_dropout,1,2026
widar__autocorrelation__logistic_regression,0.16590323504151158,0.06747095091738359,0.08384931879126839,burst_time_dropout,2,2026
widar__autocorrelation__logistic_regression,0.1557400515316347,0.06268833014297658,0.07847126672172983,burst_time_dropout,3,2026
widar__autocorrelation__logistic_regression,0.15344975665616947,0.06129294207923633,0.077297234813641,burst_time_dropout,4,2026
widar__autocorrelation__logistic_regression,0.1414257085599771,0.05591793778440011,0.07144716674307276,burst_time_dropout,5,2026
widar__autocorrelation__logistic_regression,0.17034068136272545,0.06589214892551057,0.08611303225184218,smooth_gain_drift,1,2026
widar__autocorrelation__logistic_regression,0.17034068136272545,0.06548368350288099,0.08593202213907299,smooth_gain_drift,2,2026
widar__autocorrelation__logistic_regression,0.16919553392499284,0.06540081472250918,0.0855860770202292,smooth_gain_drift,3,2026
widar__autocorrelation__logistic_regression,0.169481820784426,0.06536401481566462,0.08567908710975268,smooth_gain_drift,4,2026
widar__autocorrelation__logistic_regression,0.1677640996278271,0.06455898658757736,0.08480736208577469,smooth_gain_drift,5,2026
widar__autocorrelation__random_forest,0.1523046092184369,0.06904825285124092,0.07941822631205714,gaussian_snr,1,42
widar__autocorrelation__random_forest,0.13569997137131407,0.06326102647154178,0.0722082962713855,gaussian_snr,2,42
widar__autocorrelation__random_forest,0.11909533352419124,0.056546164179494846,0.06512139434544736,gaussian_snr,3,42
widar__autocorrelation__random_forest,0.10349269968508445,0.049268006053048846,0.060795834071611446,gaussian_snr,4,42
widar__autocorrelation__random_forest,0.08345261952476381,0.03764290521678721,0.05236011390857651,gaussian_snr,5,42
widar__autocorrelation__random_forest,0.16633266533066132,0.07511187769505828,0.08683452995037783,subcarrier_mask,1,42
widar__autocorrelation__random_forest,0.16432865731462926,0.07301942874618753,0.08554224384178542,subcarrier_mask,2,42
widar__autocorrelation__random_forest,0.16160893215001432,0.06822259110622776,0.08220056472587482,subcarrier_mask,3,42
widar__autocorrelation__random_forest,0.16447180074434584,0.07006679086203627,0.08380072740679932,subcarrier_mask,4,42
widar__autocorrelation__random_forest,0.1544517606641855,0.06577284158384668,0.07872920019563644,subcarrier_mask,5,42
widar__autocorrelation__random_forest,0.14686515888920698,0.06418397462101266,0.07513946632277811,time_dropout,1,42
widar__autocorrelation__random_forest,0.13312338963641568,0.06172346805007679,0.07055375021186992,time_dropout,2,42
widar__autocorrelation__random_forest,0.11852275980532494,0.055082907528118306,0.06457730577034393,time_dropout,3,42
widar__autocorrelation__random_forest,0.09418837675350701,0.04246745501569981,0.0558985834397528,time_dropout,4,42
widar__autocorrelation__random_forest,0.09290008588605783,0.04132138195729911,0.056875312961456766,time_dropout,5,42
widar__autocorrelation__random_forest,0.15717148582880044,0.06889037412118554,0.081778505388478,amplitude_scaling,1,42
widar__autocorrelation__random_forest,0.15717148582880044,0.06889037412118554,0.081778505388478,amplitude_scaling,2,42
widar__autocorrelation__random_forest,0.1570283423990839,0.06884971472614075,0.08171035764416833,amplitude_scaling,3,42
widar__autocorrelation__random_forest,0.1570283423990839,0.068848882555499,0.08171035764416833,amplitude_scaling,4,42
widar__autocorrelation__random_forest,0.15717148582880044,0.06890968033745172,0.08177642529744529,amplitude_scaling,5,42
widar__autocorrelation__random_forest,0.16261093615803035,0.07041841697637348,0.08386025014771369,contiguous_subcarrier_block,1,42
widar__autocorrelation__random_forest,0.16146578872029774,0.06935700860865221,0.08315128891237043,contiguous_subcarrier_block,2,42
widar__autocorrelation__random_forest,0.15731462925851702,0.06616986347242151,0.08143622469595303,contiguous_subcarrier_block,3,42
widar__autocorrelation__random_forest,0.14958488405382192,0.06291439738320966,0.07875795625908295,contiguous_subcarrier_block,4,42
widar__autocorrelation__random_forest,0.1480103063269396,0.05790403811905121,0.07544134535267977,contiguous_subcarrier_block,5,42
widar__autocorrelation__random_forest,0.14686515888920698,0.06418397462101266,0.07513946632277811,burst_time_dropout,1,42
widar__autocorrelation__random_forest,0.15244775264815344,0.06835184460868275,0.07877996712831252,burst_time_dropout,2,42
widar__autocorrelation__random_forest,0.15416547380475237,0.06785703063511078,0.07878000685730799,burst_time_dropout,3,42
widar__autocorrelation__random_forest,0.14185513884912682,0.06185689883406438,0.07269392136964718,burst_time_dropout,4,42
widar__autocorrelation__random_forest,0.13856283996564558,0.059227941764047776,0.07067316114114253,burst_time_dropout,5,42
widar__autocorrelation__random_forest,0.15616948182078444,0.06815382658432104,0.0810565224084005,smooth_gain_drift,1,42
widar__autocorrelation__random_forest,0.16132264529058116,0.07017607030880185,0.0833691244050097,smooth_gain_drift,2,42
widar__autocorrelation__random_forest,0.16261093615803035,0.07135669229888265,0.08437760346824824,smooth_gain_drift,3,42
widar__autocorrelation__random_forest,0.1591754938448325,0.06860891613282784,0.08219922081884089,smooth_gain_drift,4,42
widar__autocorrelation__random_forest,0.15960492413398225,0.06975752865293004,0.08269088058149418,smooth_gain_drift,5,42
widar__autocorrelation__random_forest,0.1540223303750358,0.06947735437351696,0.08045595244204679,gaussian_snr,1,123
widar__autocorrelation__random_forest,0.13655883194961352,0.06215941298878955,0.0717666255816455,gaussian_snr,2,123
widar__autocorrelation__random_forest,0.1259662181505869,0.05938479062855499,0.06925802412397969,gaussian_snr,3,123
widar__autocorrelation__random_forest,0.09332951617520756,0.044355698595189924,0.05440502515266316,gaussian_snr,4,123
widar__autocorrelation__random_forest,0.0817348983681649,0.037192386764005374,0.05050378418456147,gaussian_snr,5,123
widar__autocorrelation__random_forest,0.15845977669624964,0.06942294783632742,0.08233821011810366,subcarrier_mask,1,123
widar__autocorrelation__random_forest,0.1598912109934154,0.06907846012845133,0.0826177692651076,subcarrier_mask,2,123
widar__autocorrelation__random_forest,0.1651875178929287,0.07373500209365202,0.08563929659945443,subcarrier_mask,3,123
widar__autocorrelation__random_forest,0.16905239049527626,0.07525767237138183,0.08786916305689167,subcarrier_mask,4,123
widar__autocorrelation__random_forest,0.1568851989693673,0.0704049645254981,0.08170809422494911,subcarrier_mask,5,123
widar__autocorrelation__random_forest,0.14400229029487546,0.06523496386213364,0.07524097140926363,time_dropout,1,123
widar__autocorrelation__random_forest,0.13441168050386487,0.06223575635291827,0.07128586065109717,time_dropout,2,123
widar__autocorrelation__random_forest,0.11880904666475808,0.05522124226344194,0.06470470361672194,time_dropout,3,123
widar__autocorrelation__random_forest,0.09418837675350701,0.04263531074060977,0.0553052494864738,time_dropout,4,123
widar__autocorrelation__random_forest,0.08874892642427712,0.03990856305058204,0.0543888564231751,time_dropout,5,123
widar__autocorrelation__random_forest,0.15717148582880044,0.06888954195054378,0.081778505388478,amplitude_scaling,1,123
widar__autocorrelation__random_forest,0.15717148582880044,0.06888954195054378,0.081778505388478,amplitude_scaling,2,123
widar__autocorrelation__random_forest,0.15717148582880044,0.06888954195054378,0.081778505388478,amplitude_scaling,3,123
widar__autocorrelation__random_forest,0.15717148582880044,0.06888954195054378,0.081778505388478,amplitude_scaling,4,123
widar__autocorrelation__random_forest,0.15717148582880044,0.06888871663163142,0.081778505388478,amplitude_scaling,5,123
widar__autocorrelation__random_forest,0.16418551388491268,0.0757660985964195,0.08737993943665233,contiguous_subcarrier_block,1,123
widar__autocorrelation__random_forest,0.1628972230174635,0.07269710743773423,0.08549187181763074,contiguous_subcarrier_block,2,123
widar__autocorrelation__random_forest,0.1514457486401374,0.06293893183096742,0.07833676192484963,contiguous_subcarrier_block,3,123
widar__autocorrelation__random_forest,0.1508731749212711,0.06133056907389551,0.07767582657118678,contiguous_subcarrier_block,4,123
widar__autocorrelation__random_forest,0.14586315488119095,0.05624970831652099,0.07405819065818096,contiguous_subcarrier_block,5,123
widar__autocorrelation__random_forest,0.14400229029487546,0.06523496386213364,0.07524097140926363,burst_time_dropout,1,123
widar__autocorrelation__random_forest,0.14772401946750643,0.06740949495757563,0.077105788947573,burst_time_dropout,2,123
widar__autocorrelation__random_forest,0.15173203549957057,0.06956104844758404,0.07936826621723826,burst_time_dropout,3,123
widar__autocorrelation__random_forest,0.1419982822788434,0.061292381072854125,0.07261851088558581,burst_time_dropout,4,123
widar__autocorrelation__random_forest,0.13584311480103065,0.05767626364528849,0.06935330906972129,burst_time_dropout,5,123
widar__autocorrelation__random_forest,0.15616948182078444,0.06610341747622717,0.0798350476692751,smooth_gain_drift,1,123
widar__autocorrelation__random_forest,0.15845977669624964,0.06726691331109581,0.08104142061380903,smooth_gain_drift,2,123
widar__autocorrelation__random_forest,0.1587460635556828,0.0669326413388404,0.08100151012219527,smooth_gain_drift,3,123
widar__autocorrelation__random_forest,0.1604637847122817,0.06744966148900705,0.0816638927275228,smooth_gain_drift,4,123
widar__autocorrelation__random_forest,0.15860292012596622,0.06992414755707389,0.08232205714220907,smooth_gain_drift,5,123
widar__autocorrelation__random_forest,0.14944174062410534,0.06667825426273744,0.07755326566103338,gaussian_snr,1,2026
widar__autocorrelation__random_forest,0.13784712281706268,0.06289997477867905,0.07174421169145338,gaussian_snr,2,2026
widar__autocorrelation__random_forest,0.11981105067277412,0.05718579595248358,0.06590674655601549,gaussian_snr,3,2026
widar__autocorrelation__random_forest,0.0949040939020899,0.04513816166827985,0.054660724191611235,gaussian_snr,4,2026
widar__autocorrelation__random_forest,0.08130546807901518,0.03599558247197666,0.05018334331790934,gaussian_snr,5,2026
widar__autocorrelation__random_forest,0.16332665330661322,0.07223963336007909,0.08463407807519813,subcarrier_mask,1,2026
widar__autocorrelation__random_forest,0.16447180074434584,0.07205484426320907,0.08463517969649187,subcarrier_mask,2,2026
widar__autocorrelation__random_forest,0.1634697967363298,0.0708212470374935,0.0836574723340432,subcarrier_mask,3,2026
widar__autocorrelation__random_forest,0.16275407958774693,0.06926587305584761,0.08335257167415225,subcarrier_mask,4,2026
widar__autocorrelation__random_forest,0.1628972230174635,0.07281867818681019,0.08497335493409011,subcarrier_mask,5,2026
widar__autocorrelation__random_forest,0.14944174062410534,0.06711468570730184,0.07745448219555263,time_dropout,1,2026
widar__autocorrelation__random_forest,0.1414257085599771,0.06522619205914994,0.07518275644755804,time_dropout,2,2026
widar__autocorrelation__random_forest,0.11523046092184369,0.05613003607989615,0.06441447258010435,time_dropout,3,2026
widar__autocorrelation__random_forest,0.09619238476953908,0.04345413866198091,0.05532273528528524,time_dropout,4,2026
widar__autocorrelation__random_forest,0.08345261952476381,0.0370091922831394,0.05169828275792308,time_dropout,5,2026
widar__autocorrelation__random_forest,0.1570283423990839,0.06885669289449667,0.08172023033020294,amplitude_scaling,1,2026
widar__autocorrelation__random_forest,0.1570283423990839,0.06885669289449667,0.08172023033020294,amplitude_scaling,2,2026
widar__autocorrelation__random_forest,0.1570283423990839,0.06885585106837916,0.08172023033020294,amplitude_scaling,3,2026
widar__autocorrelation__random_forest,0.1570283423990839,0.06885607762195768,0.08172023033020294,amplitude_scaling,4,2026
widar__autocorrelation__random_forest,0.1570283423990839,0.06885607762195768,0.08172023033020294,amplitude_scaling,5,2026
widar__autocorrelation__random_forest,0.16547380475236187,0.07405201230880469,0.08654638654229939,contiguous_subcarrier_block,1,2026
widar__autocorrelation__random_forest,0.15659891210993415,0.06776981145844109,0.08136244801142066,contiguous_subcarrier_block,2,2026
widar__autocorrelation__random_forest,0.15960492413398225,0.06565139275301417,0.08166353215985549,contiguous_subcarrier_block,3,2026
widar__autocorrelation__random_forest,0.15044374463212137,0.05665893180828809,0.0749344359973509,contiguous_subcarrier_block,4,2026
widar__autocorrelation__random_forest,0.14099627827082736,0.05254549173626537,0.0710676824466483,contiguous_subcarrier_block,5,2026
widar__autocorrelation__random_forest,0.14944174062410534,0.06711468570730184,0.07745448219555263,burst_time_dropout,1,2026
widar__autocorrelation__random_forest,0.15316346979673634,0.06891895441615276,0.07982727048948375,burst_time_dropout,2,2026
widar__autocorrelation__random_forest,0.14214142570855998,0.06405733161995603,0.07382995749665767,burst_time_dropout,3,2026
widar__autocorrelation__random_forest,0.143143429716576,0.06272109700290124,0.0739298425204388,burst_time_dropout,4,2026
widar__autocorrelation__random_forest,0.13698826223876323,0.06129732740224541,0.07171777721025001,burst_time_dropout,5,2026
widar__autocorrelation__random_forest,0.15659891210993415,0.06708588978839815,0.08063442508530884,smooth_gain_drift,1,2026
widar__autocorrelation__random_forest,0.1570283423990839,0.06707646719484191,0.08098080229016733,smooth_gain_drift,2,2026
widar__autocorrelation__random_forest,0.16075007157171486,0.06960531363486137,0.08288344008166176,smooth_gain_drift,3,2026
widar__autocorrelation__random_forest,0.16304036644718006,0.0700584799273062,0.0836831696269274,smooth_gain_drift,4,2026
widar__autocorrelation__random_forest,0.16132264529058116,0.0709214759802975,0.08367254096692905,smooth_gain_drift,5,2026
